
CREATE DATABASE IF NOT EXISTS pod_market;
USE pod_market;



CREATE TABLE stores (
    store_id UUID PRIMARY KEY DEFAULT gen_random_uuid(),
    code STRING UNIQUE NOT NULL,
    name STRING NOT NULL,
    region STRING NOT NULL
);


CREATE TABLE products (
    product_id UUID PRIMARY KEY DEFAULT gen_random_uuid(),
    name STRING UNIQUE NOT NULL
) LOCALITY GLOBAL;

CREATE TABLE sales (
    sale_id UUID PRIMARY KEY DEFAULT gen_random_uuid(),
    store_code STRING NOT NULL,
    total DECIMAL(9,2) NOT NULL,
    txn_ts TIMESTAMPTZ NOT NULL,
    promotion STRING,
    member STRING,
    FOREIGN KEY (store_code) REFERENCES stores(code)
) LOCALITY REGIONAL BY ROW;

CREATE TABLE sale_items (
    sale_id UUID REFERENCES sales(sale_id) ON DELETE CASCADE,
    product_id UUID REFERENCES products(product_id),
    qty INT NOT NULL,
    PRIMARY KEY (sale_id, product_id)
) LOCALITY REGIONAL BY ROW;

-- STORES
INSERT INTO stores (code, name, region) VALUES ('POD-TEMPE', 'POD Market – Tempe', 'us-west1');
INSERT INTO stores (code, name, region) VALUES ('POD-POLY', 'POD Market – Polytechnic', 'us-west1');
INSERT INTO stores (code, name, region) VALUES ('POD-WV', 'POD Market – West Valley', 'us-central1');
INSERT INTO stores (code, name, region) VALUES ('POD-DTPHX', 'POD Market – Downtown Phoenix', 'us-east1');

-- PRODUCTS
INSERT INTO products (product_id, name) VALUES ('60624654-7dde-48bd-a30b-638cc6e3f53a', 'Air Freshener');
INSERT INTO products (product_id, name) VALUES ('02502f39-b672-4a8e-a2db-e4ab079d08d2', 'Allergy Medicine');
INSERT INTO products (product_id, name) VALUES ('6f7a27eb-9cdc-4d56-8c31-5c4cd07c74cb', 'Aluminum Foil');
INSERT INTO products (product_id, name) VALUES ('bf3dcc38-8616-4ebc-812b-27b3a609c55c', 'Apples');
INSERT INTO products (product_id, name) VALUES ('3a90764a-50ad-41ca-86fc-43bc325b1ad6', 'Backpack');
INSERT INTO products (product_id, name) VALUES ('f6e4afb2-6f26-41cb-a2d4-09c370993f77', 'Baking Powder');
INSERT INTO products (product_id, name) VALUES ('327f22cf-866c-4461-99cb-d2ae8bb6b34f', 'Baking Soda');
INSERT INTO products (product_id, name) VALUES ('c18a616a-883f-4b15-84fd-6e88238c8266', 'Band-Aids');
INSERT INTO products (product_id, name) VALUES ('311c5458-8aec-41d1-8c92-d3aaa556628e', 'Barbecue Sauce');
INSERT INTO products (product_id, name) VALUES ('4bf9b0e9-8f39-4ab1-aead-9fc0eb85776d', 'Bath Bombs');
INSERT INTO products (product_id, name) VALUES ('c36bfd29-0146-423f-80e0-3b7eb535e356', 'Bath Mat');
INSERT INTO products (product_id, name) VALUES ('c63fe768-82dd-4865-b822-c8817cef1cc4', 'Bathrobe');
INSERT INTO products (product_id, name) VALUES ('e42367be-5d63-4435-8f54-4576940c199e', 'Batteries');
INSERT INTO products (product_id, name) VALUES ('1227b319-40a6-4dad-b646-adcb46cf4eb6', 'Beach Towel');
INSERT INTO products (product_id, name) VALUES ('3fcf5767-2cf0-41e7-aaea-5baac60db454', 'Beef');
INSERT INTO products (product_id, name) VALUES ('83160754-3247-4aaa-9bba-d2d1bf832e17', 'Binders');
INSERT INTO products (product_id, name) VALUES ('38c08d7b-93e1-4b0e-a772-36cb03ddfba4', 'Bleach');
INSERT INTO products (product_id, name) VALUES ('bc3980bc-ae8a-4857-860e-c4aaf4d93887', 'Bobby Pins');
INSERT INTO products (product_id, name) VALUES ('c4b39e9d-92a6-4b12-828f-451c862809d6', 'Bra');
INSERT INTO products (product_id, name) VALUES ('86b2c94b-027a-419d-9e6f-b41e1b5e9975', 'Brown Sugar');
INSERT INTO products (product_id, name) VALUES ('a944f906-e4fb-4577-82df-aedd8825db3b', 'Brownies');
INSERT INTO products (product_id, name) VALUES ('3bdaa4d8-60b7-4a40-8858-54d41d4480f2', 'Bug Spray');
INSERT INTO products (product_id, name) VALUES ('730e2299-4a38-417d-b425-0d2ab3cecd9a', 'Canned Fruit');
INSERT INTO products (product_id, name) VALUES ('ed85c2fd-e7c7-4c53-b54d-3bef0eb3664c', 'Canned Tuna');
INSERT INTO products (product_id, name) VALUES ('11e1334a-27ba-4675-b016-dfabf3eb9e26', 'Canned Vegetables');
INSERT INTO products (product_id, name) VALUES ('14c2c33c-eb5c-4518-826a-e2f709843239', 'Canola Oil');
INSERT INTO products (product_id, name) VALUES ('d2152fae-0f6b-4ce0-a63a-89906f5ce673', 'Carry-on Bag');
INSERT INTO products (product_id, name) VALUES ('2b3bf96f-7ca3-4914-bbae-2340d40e0403', 'Charcoal');
INSERT INTO products (product_id, name) VALUES ('29652018-6ab8-4e45-8329-a35222a31185', 'Cheese');
INSERT INTO products (product_id, name) VALUES ('f6469b2d-33d1-4448-9cba-a93de5e136fb', 'Chewing Gum');
INSERT INTO products (product_id, name) VALUES ('33cd3591-5023-4ff5-b13a-cd3e1e3d9ec9', 'Chicken');
INSERT INTO products (product_id, name) VALUES ('b74460ee-c617-4ee9-910e-fb3a4ad151e3', 'Chocolate');
INSERT INTO products (product_id, name) VALUES ('224c0220-ca39-4af0-a59d-d0357088785d', 'Coat');
INSERT INTO products (product_id, name) VALUES ('3ad442ce-c6b9-4909-9d56-7e3aa77ef1a9', 'Colored Pencils');
INSERT INTO products (product_id, name) VALUES ('c0568848-03e8-45f9-bfa0-6dec2ecadb8b', 'Comb');
INSERT INTO products (product_id, name) VALUES ('aa7d0d08-f356-4ad9-93fa-1e699f2a2be7', 'Conditioner');
INSERT INTO products (product_id, name) VALUES ('b72290c4-a6db-4933-8262-7ff7a601dfca', 'Cotton Balls');
INSERT INTO products (product_id, name) VALUES ('4643828e-438a-48be-a11b-c37710784e17', 'Crayons');
INSERT INTO products (product_id, name) VALUES ('eb75ac5e-979c-4ad5-a5bc-47a9387350a4', 'Cream Cheese');
INSERT INTO products (product_id, name) VALUES ('34142f3f-d401-47cc-95cf-1901cbde7e32', 'Cucumber');
INSERT INTO products (product_id, name) VALUES ('23d56f17-13ac-43cd-8052-2f9320dc8c5e', 'Cumin');
INSERT INTO products (product_id, name) VALUES ('6d428a0b-cfc5-49d2-ae52-db0d67b0cec6', 'Detergent');
INSERT INTO products (product_id, name) VALUES ('bbca8fb7-ff21-4a0d-901a-937d2825559c', 'Dish Soap');
INSERT INTO products (product_id, name) VALUES ('a7011744-10c7-4f16-a851-6a34d08d574e', 'Disinfectant Wipes');
INSERT INTO products (product_id, name) VALUES ('9f67afc9-a314-4e80-adfc-e978038bb940', 'Dried Cranberries');
INSERT INTO products (product_id, name) VALUES ('75163111-bf32-4222-bd0b-f1d8f5ed4d61', 'Duct Tape');
INSERT INTO products (product_id, name) VALUES ('cba3a0d5-c5c2-4c33-9bb7-74787a44a762', 'Duffel Bag');
INSERT INTO products (product_id, name) VALUES ('88c214bd-4fc6-45ae-aa53-e144148e209b', 'Energy Drinks');
INSERT INTO products (product_id, name) VALUES ('8ec7630b-7f6b-4f86-aca2-996d9ca4cdb4', 'Envelopes');
INSERT INTO products (product_id, name) VALUES ('31b08c10-ed22-4743-89ce-488df8dd1aa9', 'Exercise Bike');
INSERT INTO products (product_id, name) VALUES ('a4732e52-7fb5-4f06-b83c-a25b0e3b95e5', 'Extension Cord');
INSERT INTO products (product_id, name) VALUES ('9e40ef36-acc5-4ffe-b3f1-716012733def', 'Fabric Softener');
INSERT INTO products (product_id, name) VALUES ('e9377af9-aeb1-4a4b-99c9-c20c3185f32f', 'Facial Tissue');
INSERT INTO products (product_id, name) VALUES ('5628fc25-b043-4504-a483-3fa35996a15b', 'First Aid Kit');
INSERT INTO products (product_id, name) VALUES ('4d918641-6b37-4825-aee4-945deb803e42', 'Flip Flops');
INSERT INTO products (product_id, name) VALUES ('f19b1700-4328-4ad4-a730-85ec0e998931', 'Frozen Breakfast Sandwiches');
INSERT INTO products (product_id, name) VALUES ('7f086340-c7cd-4d7c-b6b2-1f745f11b2ca', 'Frozen Burritos');
INSERT INTO products (product_id, name) VALUES ('e8774383-205a-44bd-94ca-3c7f618f1e3a', 'Frozen Dinners');
INSERT INTO products (product_id, name) VALUES ('138fc683-9d4f-4115-b602-567d981b2f83', 'Frozen Fruit');
INSERT INTO products (product_id, name) VALUES ('4df8b56d-677e-46b1-a7da-9f849581af87', 'Frozen Pizza');
INSERT INTO products (product_id, name) VALUES ('04d2ac61-ce01-4b61-a692-3c90d860375c', 'Frozen Vegetables');
INSERT INTO products (product_id, name) VALUES ('0bb379c5-bd92-43c8-ad2f-8f1ae6394546', 'Garlic Powder');
INSERT INTO products (product_id, name) VALUES ('4f64bde7-ca12-4593-acaf-6ccb642422ac', 'Glass Cleaner');
INSERT INTO products (product_id, name) VALUES ('58ae8f63-84c0-48fd-8223-1f1bb786beff', 'Glue');
INSERT INTO products (product_id, name) VALUES ('ca553d12-4e62-418d-b723-570e0d07d52c', 'Granola Bars');
INSERT INTO products (product_id, name) VALUES ('68c1bb54-33a7-46b1-acf3-cd1d47c2016f', 'Gym Bag');
INSERT INTO products (product_id, name) VALUES ('0ace55cb-8065-4417-979b-99c2da7d960a', 'Hand Sanitizer');
INSERT INTO products (product_id, name) VALUES ('86f38f33-3c49-404e-a509-f03a2042e30a', 'Handbag');
INSERT INTO products (product_id, name) VALUES ('9a386902-d1bf-43c9-8960-db5682f51034', 'Hangers');
INSERT INTO products (product_id, name) VALUES ('d8d3b21c-fdbb-46fb-b3a3-02ac9b51a8ef', 'Hat');
INSERT INTO products (product_id, name) VALUES ('b1d2bf7f-a9aa-4ab8-b7fb-46271d28eaf7', 'Headbands');
INSERT INTO products (product_id, name) VALUES ('451218b8-ec2c-46c9-ab61-8cf127b5f499', 'Honey');
INSERT INTO products (product_id, name) VALUES ('70ab9e35-3ffe-4de6-8d2e-c08f5ee60985', 'Hoodie');
INSERT INTO products (product_id, name) VALUES ('e93c343a-df8a-4e3e-bb7b-10a4af0a9da5', 'Ice Cream Cones');
INSERT INTO products (product_id, name) VALUES ('28f86319-8f0a-4c71-98b7-2f42ddbf5ac2', 'Jam');
INSERT INTO products (product_id, name) VALUES ('c7bfebf3-6d67-4330-8876-9210c4c19159', 'Jeans');
INSERT INTO products (product_id, name) VALUES ('e0b366b4-a33d-46e9-b102-e0f125396b4f', 'Jelly');
INSERT INTO products (product_id, name) VALUES ('0e42aa21-1d73-45bf-8b74-8afb8b568f71', 'Juice');
INSERT INTO products (product_id, name) VALUES ('06cdcc4c-940b-4c9c-bd58-ce12fc5d18f5', 'Jump Rope');
INSERT INTO products (product_id, name) VALUES ('6b3bca32-df68-4a32-9284-d22d52b66cb0', 'Ketchup');
INSERT INTO products (product_id, name) VALUES ('c52b4d9d-5bd5-4ea6-afa8-4f917d46f770', 'Laptop Bag');
INSERT INTO products (product_id, name) VALUES ('39cc6ba4-4c08-4745-ba27-80d91057b9f7', 'Leggings');
INSERT INTO products (product_id, name) VALUES ('b1af4aa8-e89b-4e92-b31f-ed0805d8c658', 'Lighter Fluid');
INSERT INTO products (product_id, name) VALUES ('4217bbba-d6b5-4bac-9862-5b0c551aedd4', 'Lollipops');
INSERT INTO products (product_id, name) VALUES ('fadc7315-24ad-4850-8da8-5c473af3859f', 'Lotion');
INSERT INTO products (product_id, name) VALUES ('78df6aad-2514-43ef-abac-7717ff68ff95', 'Mac and Cheese');
INSERT INTO products (product_id, name) VALUES ('d1fe4af0-51f8-4cb4-9477-2cee858d9790', 'Matches');
INSERT INTO products (product_id, name) VALUES ('087ad866-1f10-4a6d-86e5-72b960a097e3', 'Mayonnaise');
INSERT INTO products (product_id, name) VALUES ('e75e9114-487e-482a-84b1-0d600886fdf8', 'Messenger Bag');
INSERT INTO products (product_id, name) VALUES ('086b9a65-3020-4405-b39f-b454fa8a0e01', 'Milk');
INSERT INTO products (product_id, name) VALUES ('fd2ddd75-869c-4692-a035-574df09a10f7', 'Mints');
INSERT INTO products (product_id, name) VALUES ('6baf0318-c3f7-42f9-877c-ca9743ae5f6b', 'Mouthwash');
INSERT INTO products (product_id, name) VALUES ('0ed91418-a952-4c35-8047-d656c0a7b3d3', 'Moving Boxes');
INSERT INTO products (product_id, name) VALUES ('f15988a5-b20b-49f4-9719-ed33e1eff90c', 'Multi-Surface Cleaner');
INSERT INTO products (product_id, name) VALUES ('69c4e291-58f7-4e0c-9a2a-1accb93b1177', 'Nail Polish Remover');
INSERT INTO products (product_id, name) VALUES ('3d755711-9228-4711-b307-2b1e1bca4647', 'Napkins');
INSERT INTO products (product_id, name) VALUES ('34ee1c04-14e0-4fcc-9796-d24af059eee0', 'Notebook Paper');
INSERT INTO products (product_id, name) VALUES ('a5f76684-7b6a-417b-8af2-146215d43d21', 'Oats');
INSERT INTO products (product_id, name) VALUES ('0957af86-4034-430c-bf72-d0b4414a7349', 'Olive Oil');
INSERT INTO products (product_id, name) VALUES ('4c8a29bd-96d4-49e0-834b-50b48b3d84da', 'Onion Powder');
INSERT INTO products (product_id, name) VALUES ('20384420-b4ff-4792-b213-b65f76684473', 'Orange Juice');
INSERT INTO products (product_id, name) VALUES ('261b5ece-401e-4575-829b-fbc9f2d36562', 'Oranges');
INSERT INTO products (product_id, name) VALUES ('980239e7-2d2d-4ad7-8f08-657fb82821ca', 'Pain Relievers');
INSERT INTO products (product_id, name) VALUES ('7d673444-eda8-4d1b-b638-6e0e998bdd85', 'Pajamas');
INSERT INTO products (product_id, name) VALUES ('eae395ed-32a3-40a9-8af0-7dee629f0dc5', 'Paper Towels');
INSERT INTO products (product_id, name) VALUES ('f46a4969-c594-4ded-8c59-7f31b021fbbe', 'Paprika');
INSERT INTO products (product_id, name) VALUES ('85682d60-0d4c-494d-be98-2c5b7316b80e', 'Pasta Sauce');
INSERT INTO products (product_id, name) VALUES ('43870185-0be8-4fc4-a829-c77743bb80c3', 'Peanuts');
INSERT INTO products (product_id, name) VALUES ('4f8e0201-1180-4f74-baf2-e3a4695261a0', 'Pens');
INSERT INTO products (product_id, name) VALUES ('395e734d-5821-4a30-a9c6-cbb2fb26eb1e', 'Pickles');
INSERT INTO products (product_id, name) VALUES ('8811c0f3-0905-4137-a7f3-986d219693e2', 'Plastic Utensils');
INSERT INTO products (product_id, name) VALUES ('6d982050-5235-490b-94be-e28939217da4', 'Plastic Wrap');
INSERT INTO products (product_id, name) VALUES ('0c0fd48f-d470-49b5-8a7b-7af333dfc75d', 'Polo Shirt');
INSERT INTO products (product_id, name) VALUES ('2defecf9-7ab7-47d3-9052-48979fe8f624', 'Popsicles');
INSERT INTO products (product_id, name) VALUES ('98e95b86-abbf-4a82-9170-61274707b8c0', 'Post-it Notes');
INSERT INTO products (product_id, name) VALUES ('00960d4a-a2b8-4a4c-90ec-6288327039a3', 'Protein Shakes');
INSERT INTO products (product_id, name) VALUES ('ea1e3b8c-eba9-495c-a1e8-3ef20a26b14b', 'Raincoat');
INSERT INTO products (product_id, name) VALUES ('8b50d118-0fda-48e1-9547-b790a214cbd7', 'Ramen');
INSERT INTO products (product_id, name) VALUES ('66fae71a-3d6a-455d-9b8d-f2eac3346a14', 'Razors');
INSERT INTO products (product_id, name) VALUES ('937cc9c5-1912-46eb-b647-2cb0ec74f3c7', 'Resistance Bands');
INSERT INTO products (product_id, name) VALUES ('45884b6d-6f30-4644-ab5c-108396789365', 'Ruler');
INSERT INTO products (product_id, name) VALUES ('c8ae301e-9720-4d76-bcd8-050a4cdd487a', 'Salt');
INSERT INTO products (product_id, name) VALUES ('efe9e9bd-f38e-4192-8a2b-d21b6d6caf2e', 'Sandals');
INSERT INTO products (product_id, name) VALUES ('93583547-229f-4188-ae86-573881436904', 'Scissors');
INSERT INTO products (product_id, name) VALUES ('fd273a05-3bac-42e0-a64d-67ec1c377063', 'Scrubbers');
INSERT INTO products (product_id, name) VALUES ('e121af58-2e51-4fc1-90f0-838a0496b9ab', 'Shower Shoes');
INSERT INTO products (product_id, name) VALUES ('a36f038c-b52b-4eb5-bc89-6576951d97fe', 'Slippers');
INSERT INTO products (product_id, name) VALUES ('8d6ed85b-d84e-4bd1-b97a-31cc7ae8dade', 'Socks');
INSERT INTO products (product_id, name) VALUES ('2a66d119-b2f1-4c2e-871d-c2a7696b5ad7', 'Spaghetti');
INSERT INTO products (product_id, name) VALUES ('0ba98509-5d39-46de-a38c-667bd7a9fa8c', 'Sponges');
INSERT INTO products (product_id, name) VALUES ('285009ab-543c-42c8-a64c-3415f7054d27', 'Stain Remover');
INSERT INTO products (product_id, name) VALUES ('beade1ac-6726-4dcd-b85c-1755782cc934', 'Storage Bins');
INSERT INTO products (product_id, name) VALUES ('483676b1-35f1-4e65-b5fa-d8cf639aa5af', 'Sugar');
INSERT INTO products (product_id, name) VALUES ('78476748-fc6e-4c11-939c-9f09e521ec15', 'Suitcase');
INSERT INTO products (product_id, name) VALUES ('79e9aed3-7282-4ff6-b81c-ccdfd9412050', 'Sunglasses');
INSERT INTO products (product_id, name) VALUES ('4673094c-552e-4a90-9ebe-cb144fa59f1b', 'Sunscreen');
INSERT INTO products (product_id, name) VALUES ('3bf2237b-b98a-45b5-a107-021d7844e8b0', 'Sweatshirt');
INSERT INTO products (product_id, name) VALUES ('38081bc1-0419-487e-add9-a7c13f0e95a6', 'Swim Cap');
INSERT INTO products (product_id, name) VALUES ('0a43748d-2b35-46a7-8124-078b3a76d1c6', 'Tank Top');
INSERT INTO products (product_id, name) VALUES ('a00bd034-1df6-4b84-8cab-2914a8f82f3f', 'Tape');
INSERT INTO products (product_id, name) VALUES ('c1f83059-b569-474a-bc03-ae33bed06ff1', 'Tea');
INSERT INTO products (product_id, name) VALUES ('55051af5-30ee-4c77-b94a-c61ce2cd9190', 'Thermometer');
INSERT INTO products (product_id, name) VALUES ('b839d322-e5d2-479a-8df8-5cb551db31e1', 'Tomato Sauce');
INSERT INTO products (product_id, name) VALUES ('6b49a99c-01c1-4a5d-a81b-1b60a59ecd44', 'Tomatoes');
INSERT INTO products (product_id, name) VALUES ('483815eb-ed38-4a3f-b709-1388a1471025', 'Toothbrush');
INSERT INTO products (product_id, name) VALUES ('24618c76-09bf-4f9d-8317-3aec276510be', 'Tote Bag');
INSERT INTO products (product_id, name) VALUES ('0364e288-ff2d-4ba8-9fbd-4e1fb5a2fdc1', 'Trail Mix');
INSERT INTO products (product_id, name) VALUES ('f4de13b9-0052-42fd-b142-c9f68d83cd48', 'Umbrella');
INSERT INTO products (product_id, name) VALUES ('d954b428-3394-4a30-9abf-f575a54273ee', 'Underwear');
INSERT INTO products (product_id, name) VALUES ('7419532f-bfef-4632-afd9-18b8d1a27127', 'Water');
INSERT INTO products (product_id, name) VALUES ('b89c6422-ff59-4f85-a6dd-25ec346001e5', 'Yoga Mat');

-- SALES
INSERT INTO sales (sale_id, store_code, total, txn_ts, promotion, member) VALUES ('20db0998-e5d1-4462-b0d9-acc8b21bf4b1', 'POD-DTPHX', 38.27, '2022-06-20 13:24:15', 'Discount on Selected Items', 'No');
INSERT INTO sales (sale_id, store_code, total, txn_ts, promotion, member) VALUES ('c857851d-9349-4a85-bd2d-9c67f86b133e', 'POD-TEMPE', 21.63, '2023-07-23 09:56:29', 'Discount on Selected Items', 'No');
INSERT INTO sales (sale_id, store_code, total, txn_ts, promotion, member) VALUES ('048daeea-3dc9-4e42-b85e-55688e19a26f', 'POD-POLY', 43.19, '2021-10-28 18:29:29', 'BOGO (Buy One Get One)', 'No');
INSERT INTO sales (sale_id, store_code, total, txn_ts, promotion, member) VALUES ('5e6a33d4-1ae8-4c3d-b16b-d738c17bb467', 'POD-POLY', 93.44, '2022-11-04 17:02:19', 'Discount on Selected Items', 'No');
INSERT INTO sales (sale_id, store_code, total, txn_ts, promotion, member) VALUES ('52138294-76da-4d81-bac1-a1435b76e2aa', 'POD-POLY', 55.56, '2023-09-29 19:08:32', 'BOGO (Buy One Get One)', 'Yes');
INSERT INTO sales (sale_id, store_code, total, txn_ts, promotion, member) VALUES ('b491faa0-951d-419b-9026-e5afab67b47b', 'POD-TEMPE', 78.92, '2022-01-30 11:37:07', 'None', 'No');
INSERT INTO sales (sale_id, store_code, total, txn_ts, promotion, member) VALUES ('da848108-c926-43ab-8f49-7e9cbe0b1127', 'POD-TEMPE', 8.09, '2022-12-07 13:05:54', 'Discount on Selected Items', 'No');
INSERT INTO sales (sale_id, store_code, total, txn_ts, promotion, member) VALUES ('e093eae4-af0a-4e4b-b542-4a0795f2e959', 'POD-POLY', 13.29, '2022-11-28 15:38:01', 'BOGO (Buy One Get One)', 'No');
INSERT INTO sales (sale_id, store_code, total, txn_ts, promotion, member) VALUES ('7549ee2b-8577-422d-8952-6a0aa59a21c3', 'POD-TEMPE', 29.11, '2023-06-06 09:11:04', 'None', 'Yes');
INSERT INTO sales (sale_id, store_code, total, txn_ts, promotion, member) VALUES ('5464dbdb-3fbb-4e98-96e3-8ab6201f9b3d', 'POD-POLY', 35.65, '2020-02-23 18:49:14', 'BOGO (Buy One Get One)', 'No');
INSERT INTO sales (sale_id, store_code, total, txn_ts, promotion, member) VALUES ('29dbde4a-a394-42ba-b923-dab901165b24', 'POD-TEMPE', 54.75, '2020-09-04 07:40:11', 'BOGO (Buy One Get One)', 'Yes');
INSERT INTO sales (sale_id, store_code, total, txn_ts, promotion, member) VALUES ('e0b9257c-eaaa-406f-8854-ebc836370eaf', 'POD-WV', 88.05, '2023-12-26 09:02:04', 'None', 'Yes');
INSERT INTO sales (sale_id, store_code, total, txn_ts, promotion, member) VALUES ('83c51cf9-7504-4bb3-94de-79f921c0a867', 'POD-DTPHX', 51.19, '2022-12-26 07:39:24', 'None', 'Yes');
INSERT INTO sales (sale_id, store_code, total, txn_ts, promotion, member) VALUES ('5a42a11d-3e15-43f3-9934-e771bfb2078f', 'POD-TEMPE', 13.89, '2021-01-16 10:04:15', 'None', 'Yes');
INSERT INTO sales (sale_id, store_code, total, txn_ts, promotion, member) VALUES ('28e4f8f3-352e-4ec1-9f75-c261123e9557', 'POD-DTPHX', 72.76, '2022-12-19 15:57:10', 'None', 'No');
INSERT INTO sales (sale_id, store_code, total, txn_ts, promotion, member) VALUES ('27220405-69e0-44cc-8a4d-08060e85edaf', 'POD-DTPHX', 21.77, '2020-09-04 16:05:01', 'BOGO (Buy One Get One)', 'Yes');
INSERT INTO sales (sale_id, store_code, total, txn_ts, promotion, member) VALUES ('4bb544ec-7506-40b4-a596-4afdf8ffa6e0', 'POD-WV', 15.13, '2021-06-09 12:23:06', 'BOGO (Buy One Get One)', 'Yes');
INSERT INTO sales (sale_id, store_code, total, txn_ts, promotion, member) VALUES ('ca4279e7-4efe-4cc5-807c-274b43c2a680', 'POD-WV', 37.72, '2021-10-05 12:46:56', 'BOGO (Buy One Get One)', 'Yes');
INSERT INTO sales (sale_id, store_code, total, txn_ts, promotion, member) VALUES ('1b975d79-b714-44ca-80cb-5fa4d2e1b0aa', 'POD-TEMPE', 19.81, '2020-11-30 11:41:57', 'None', 'Yes');
INSERT INTO sales (sale_id, store_code, total, txn_ts, promotion, member) VALUES ('2c2876d8-0255-4fdf-a6e4-8f77444fd398', 'POD-POLY', 37.43, '2020-07-20 14:18:04', 'Discount on Selected Items', 'Yes');
INSERT INTO sales (sale_id, store_code, total, txn_ts, promotion, member) VALUES ('3c60e15a-849a-4d1f-9806-e2561d7c5e2b', 'POD-WV', 39.42, '2022-01-11 16:35:38', 'BOGO (Buy One Get One)', 'No');
INSERT INTO sales (sale_id, store_code, total, txn_ts, promotion, member) VALUES ('219dac8b-2a16-43de-a3e6-d001fe8144b5', 'POD-WV', 35.38, '2022-08-02 11:41:22', 'None', 'Yes');
INSERT INTO sales (sale_id, store_code, total, txn_ts, promotion, member) VALUES ('3690568b-ba7f-423c-bad1-ae0e27f4598e', 'POD-WV', 26.90, '2021-04-09 10:07:39', 'BOGO (Buy One Get One)', 'No');
INSERT INTO sales (sale_id, store_code, total, txn_ts, promotion, member) VALUES ('c0f0331e-a0d6-4b4b-be51-a8645281db86', 'POD-WV', 39.36, '2022-08-21 08:23:06', 'Discount on Selected Items', 'Yes');
INSERT INTO sales (sale_id, store_code, total, txn_ts, promotion, member) VALUES ('b5bc71fe-180f-4e3c-a818-8c02b3e7d9db', 'POD-DTPHX', 6.15, '2023-12-04 16:06:24', 'BOGO (Buy One Get One)', 'No');
INSERT INTO sales (sale_id, store_code, total, txn_ts, promotion, member) VALUES ('2025d90a-ae8a-4c3f-b917-d866d2300a3d', 'POD-TEMPE', 16.63, '2020-03-21 18:49:11', 'Discount on Selected Items', 'No');
INSERT INTO sales (sale_id, store_code, total, txn_ts, promotion, member) VALUES ('9dfc3016-1673-4af5-8515-4b954c78212a', 'POD-DTPHX', 97.81, '2021-02-10 16:31:16', 'Discount on Selected Items', 'No');
INSERT INTO sales (sale_id, store_code, total, txn_ts, promotion, member) VALUES ('4b4d5ae9-aca3-4a58-8d46-9192a00d5a29', 'POD-TEMPE', 52.98, '2020-05-12 11:00:11', 'BOGO (Buy One Get One)', 'Yes');
INSERT INTO sales (sale_id, store_code, total, txn_ts, promotion, member) VALUES ('7054a9df-07e0-47ae-8341-24c0d110fa4f', 'POD-POLY', 50.25, '2022-09-15 06:27:03', 'BOGO (Buy One Get One)', 'No');
INSERT INTO sales (sale_id, store_code, total, txn_ts, promotion, member) VALUES ('157f5ddc-0cda-4b2a-89cb-eacac83c7a2a', 'POD-WV', 30.07, '2021-08-25 12:31:14', 'None', 'Yes');
INSERT INTO sales (sale_id, store_code, total, txn_ts, promotion, member) VALUES ('5ada524d-f682-4cea-a36a-aee434062822', 'POD-POLY', 19.21, '2021-10-03 08:17:16', 'None', 'Yes');
INSERT INTO sales (sale_id, store_code, total, txn_ts, promotion, member) VALUES ('18bec102-abd1-4af4-a2fd-bd3514084ee4', 'POD-POLY', 60.43, '2020-12-26 08:18:52', 'None', 'No');
INSERT INTO sales (sale_id, store_code, total, txn_ts, promotion, member) VALUES ('f4e747f1-00c1-494c-92fa-9ad17afd7b2a', 'POD-DTPHX', 93.72, '2023-02-08 16:47:57', 'Discount on Selected Items', 'Yes');
INSERT INTO sales (sale_id, store_code, total, txn_ts, promotion, member) VALUES ('46ad1686-130b-435e-b61f-97669cce1cd8', 'POD-DTPHX', 43.21, '2023-01-13 15:09:17', 'BOGO (Buy One Get One)', 'Yes');
INSERT INTO sales (sale_id, store_code, total, txn_ts, promotion, member) VALUES ('eec947af-76b3-4df2-8a2f-17f8d787ca84', 'POD-TEMPE', 24.29, '2021-10-15 09:44:29', 'Discount on Selected Items', 'Yes');
INSERT INTO sales (sale_id, store_code, total, txn_ts, promotion, member) VALUES ('e57ba8e3-8df9-41f8-a3e4-566f4f8b2738', 'POD-TEMPE', 58.87, '2023-04-19 09:28:20', 'None', 'No');
INSERT INTO sales (sale_id, store_code, total, txn_ts, promotion, member) VALUES ('e6cd07fd-a961-414a-82ef-1b711d20736f', 'POD-WV', 13.15, '2020-12-03 21:56:19', 'Discount on Selected Items', 'Yes');
INSERT INTO sales (sale_id, store_code, total, txn_ts, promotion, member) VALUES ('9e692e12-14c3-42b6-bd7e-74328ec13584', 'POD-TEMPE', 49.01, '2021-05-17 14:43:27', 'BOGO (Buy One Get One)', 'No');
INSERT INTO sales (sale_id, store_code, total, txn_ts, promotion, member) VALUES ('2f2b8015-83ff-468e-9dbc-ec0a47323c4f', 'POD-POLY', 32.05, '2023-10-30 15:09:50', 'None', 'No');
INSERT INTO sales (sale_id, store_code, total, txn_ts, promotion, member) VALUES ('ff185aae-9d4e-4245-8a17-2db725f9d4c8', 'POD-WV', 45.85, '2020-11-29 15:30:08', 'BOGO (Buy One Get One)', 'Yes');
INSERT INTO sales (sale_id, store_code, total, txn_ts, promotion, member) VALUES ('723c7796-5c03-4492-bbbe-de8dec4a2992', 'POD-POLY', 9.57, '2020-07-29 18:55:03', 'Discount on Selected Items', 'Yes');
INSERT INTO sales (sale_id, store_code, total, txn_ts, promotion, member) VALUES ('66c01f13-9981-452a-aae3-424289ccdd27', 'POD-TEMPE', 78.10, '2020-02-16 20:07:31', 'Discount on Selected Items', 'Yes');
INSERT INTO sales (sale_id, store_code, total, txn_ts, promotion, member) VALUES ('e4bbcd84-adf9-4731-bbfe-42f004b4f8a6', 'POD-DTPHX', 91.77, '2022-09-08 18:45:22', 'None', 'Yes');
INSERT INTO sales (sale_id, store_code, total, txn_ts, promotion, member) VALUES ('ffce088d-f1fa-4e64-9291-073f3b094411', 'POD-POLY', 29.72, '2023-04-13 12:38:00', 'BOGO (Buy One Get One)', 'No');
INSERT INTO sales (sale_id, store_code, total, txn_ts, promotion, member) VALUES ('3b6e7ed3-af1b-40e2-a977-0f5d4c77926a', 'POD-DTPHX', 101.58, '2020-03-16 14:20:55', 'None', 'Yes');
INSERT INTO sales (sale_id, store_code, total, txn_ts, promotion, member) VALUES ('efbe60b6-1a91-49fc-9a0a-229da810bf8b', 'POD-TEMPE', 45.10, '2021-11-29 12:12:21', 'Discount on Selected Items', 'Yes');
INSERT INTO sales (sale_id, store_code, total, txn_ts, promotion, member) VALUES ('0f3840b5-7387-49c7-a94c-0accdfb57dc7', 'POD-WV', 50.69, '2021-08-01 15:47:15', 'BOGO (Buy One Get One)', 'Yes');
INSERT INTO sales (sale_id, store_code, total, txn_ts, promotion, member) VALUES ('07f484aa-f745-4348-b571-e06b17d9ec81', 'POD-TEMPE', 61.79, '2021-04-23 15:32:28', 'BOGO (Buy One Get One)', 'Yes');
INSERT INTO sales (sale_id, store_code, total, txn_ts, promotion, member) VALUES ('a38eb3d3-30d6-4223-8dcc-f06678984b0f', 'POD-DTPHX', 59.59, '2020-12-08 09:15:30', 'BOGO (Buy One Get One)', 'Yes');
INSERT INTO sales (sale_id, store_code, total, txn_ts, promotion, member) VALUES ('a48d3674-e0c1-43dd-bdaa-002e4c52872e', 'POD-WV', 18.55, '2021-07-15 06:56:19', 'Discount on Selected Items', 'No');

-- SALE ITEMS
INSERT INTO sale_items (sale_id, product_id, qty) VALUES ('20db0998-e5d1-4462-b0d9-acc8b21bf4b1', 'c1f83059-b569-474a-bc03-ae33bed06ff1', 1);
INSERT INTO sale_items (sale_id, product_id, qty) VALUES ('20db0998-e5d1-4462-b0d9-acc8b21bf4b1', '38081bc1-0419-487e-add9-a7c13f0e95a6', 1);
INSERT INTO sale_items (sale_id, product_id, qty) VALUES ('20db0998-e5d1-4462-b0d9-acc8b21bf4b1', 'efe9e9bd-f38e-4192-8a2b-d21b6d6caf2e', 1);
INSERT INTO sale_items (sale_id, product_id, qty) VALUES ('20db0998-e5d1-4462-b0d9-acc8b21bf4b1', 'a36f038c-b52b-4eb5-bc89-6576951d97fe', 1);
INSERT INTO sale_items (sale_id, product_id, qty) VALUES ('c857851d-9349-4a85-bd2d-9c67f86b133e', 'c18a616a-883f-4b15-84fd-6e88238c8266', 1);
INSERT INTO sale_items (sale_id, product_id, qty) VALUES ('c857851d-9349-4a85-bd2d-9c67f86b133e', 'b1af4aa8-e89b-4e92-b31f-ed0805d8c658', 1);
INSERT INTO sale_items (sale_id, product_id, qty) VALUES ('c857851d-9349-4a85-bd2d-9c67f86b133e', '3fcf5767-2cf0-41e7-aaea-5baac60db454', 1);
INSERT INTO sale_items (sale_id, product_id, qty) VALUES ('048daeea-3dc9-4e42-b85e-55688e19a26f', '4c8a29bd-96d4-49e0-834b-50b48b3d84da', 1);
INSERT INTO sale_items (sale_id, product_id, qty) VALUES ('048daeea-3dc9-4e42-b85e-55688e19a26f', 'bbca8fb7-ff21-4a0d-901a-937d2825559c', 1);
INSERT INTO sale_items (sale_id, product_id, qty) VALUES ('048daeea-3dc9-4e42-b85e-55688e19a26f', 'c8ae301e-9720-4d76-bcd8-050a4cdd487a', 1);
INSERT INTO sale_items (sale_id, product_id, qty) VALUES ('048daeea-3dc9-4e42-b85e-55688e19a26f', '6f7a27eb-9cdc-4d56-8c31-5c4cd07c74cb', 1);
INSERT INTO sale_items (sale_id, product_id, qty) VALUES ('048daeea-3dc9-4e42-b85e-55688e19a26f', '2b3bf96f-7ca3-4914-bbae-2340d40e0403', 1);
INSERT INTO sale_items (sale_id, product_id, qty) VALUES ('5e6a33d4-1ae8-4c3d-b16b-d738c17bb467', 'bf3dcc38-8616-4ebc-812b-27b3a609c55c', 1);
INSERT INTO sale_items (sale_id, product_id, qty) VALUES ('5e6a33d4-1ae8-4c3d-b16b-d738c17bb467', 'b839d322-e5d2-479a-8df8-5cb551db31e1', 1);
INSERT INTO sale_items (sale_id, product_id, qty) VALUES ('5e6a33d4-1ae8-4c3d-b16b-d738c17bb467', 'a00bd034-1df6-4b84-8cab-2914a8f82f3f', 1);
INSERT INTO sale_items (sale_id, product_id, qty) VALUES ('5e6a33d4-1ae8-4c3d-b16b-d738c17bb467', '3bdaa4d8-60b7-4a40-8858-54d41d4480f2', 1);
INSERT INTO sale_items (sale_id, product_id, qty) VALUES ('5e6a33d4-1ae8-4c3d-b16b-d738c17bb467', '23d56f17-13ac-43cd-8052-2f9320dc8c5e', 1);
INSERT INTO sale_items (sale_id, product_id, qty) VALUES ('5e6a33d4-1ae8-4c3d-b16b-d738c17bb467', '0364e288-ff2d-4ba8-9fbd-4e1fb5a2fdc1', 1);
INSERT INTO sale_items (sale_id, product_id, qty) VALUES ('5e6a33d4-1ae8-4c3d-b16b-d738c17bb467', 'd954b428-3394-4a30-9abf-f575a54273ee', 1);
INSERT INTO sale_items (sale_id, product_id, qty) VALUES ('5e6a33d4-1ae8-4c3d-b16b-d738c17bb467', 'f6469b2d-33d1-4448-9cba-a93de5e136fb', 1);
INSERT INTO sale_items (sale_id, product_id, qty) VALUES ('52138294-76da-4d81-bac1-a1435b76e2aa', '3bdaa4d8-60b7-4a40-8858-54d41d4480f2', 1);
INSERT INTO sale_items (sale_id, product_id, qty) VALUES ('52138294-76da-4d81-bac1-a1435b76e2aa', 'c36bfd29-0146-423f-80e0-3b7eb535e356', 1);
INSERT INTO sale_items (sale_id, product_id, qty) VALUES ('52138294-76da-4d81-bac1-a1435b76e2aa', 'f15988a5-b20b-49f4-9719-ed33e1eff90c', 1);
INSERT INTO sale_items (sale_id, product_id, qty) VALUES ('52138294-76da-4d81-bac1-a1435b76e2aa', '79e9aed3-7282-4ff6-b81c-ccdfd9412050', 1);
INSERT INTO sale_items (sale_id, product_id, qty) VALUES ('52138294-76da-4d81-bac1-a1435b76e2aa', 'c52b4d9d-5bd5-4ea6-afa8-4f917d46f770', 1);
INSERT INTO sale_items (sale_id, product_id, qty) VALUES ('52138294-76da-4d81-bac1-a1435b76e2aa', '11e1334a-27ba-4675-b016-dfabf3eb9e26', 1);
INSERT INTO sale_items (sale_id, product_id, qty) VALUES ('52138294-76da-4d81-bac1-a1435b76e2aa', '087ad866-1f10-4a6d-86e5-72b960a097e3', 1);
INSERT INTO sale_items (sale_id, product_id, qty) VALUES ('b491faa0-951d-419b-9026-e5afab67b47b', '4df8b56d-677e-46b1-a7da-9f849581af87', 1);
INSERT INTO sale_items (sale_id, product_id, qty) VALUES ('b491faa0-951d-419b-9026-e5afab67b47b', 'c0568848-03e8-45f9-bfa0-6dec2ecadb8b', 1);
INSERT INTO sale_items (sale_id, product_id, qty) VALUES ('b491faa0-951d-419b-9026-e5afab67b47b', '34ee1c04-14e0-4fcc-9796-d24af059eee0', 1);
INSERT INTO sale_items (sale_id, product_id, qty) VALUES ('b491faa0-951d-419b-9026-e5afab67b47b', '2defecf9-7ab7-47d3-9052-48979fe8f624', 1);
INSERT INTO sale_items (sale_id, product_id, qty) VALUES ('b491faa0-951d-419b-9026-e5afab67b47b', 'a4732e52-7fb5-4f06-b83c-a25b0e3b95e5', 1);
INSERT INTO sale_items (sale_id, product_id, qty) VALUES ('b491faa0-951d-419b-9026-e5afab67b47b', 'a5f76684-7b6a-417b-8af2-146215d43d21', 1);
INSERT INTO sale_items (sale_id, product_id, qty) VALUES ('b491faa0-951d-419b-9026-e5afab67b47b', '6baf0318-c3f7-42f9-877c-ca9743ae5f6b', 1);
INSERT INTO sale_items (sale_id, product_id, qty) VALUES ('da848108-c926-43ab-8f49-7e9cbe0b1127', '83160754-3247-4aaa-9bba-d2d1bf832e17', 1);
INSERT INTO sale_items (sale_id, product_id, qty) VALUES ('e093eae4-af0a-4e4b-b542-4a0795f2e959', '86b2c94b-027a-419d-9e6f-b41e1b5e9975', 1);
INSERT INTO sale_items (sale_id, product_id, qty) VALUES ('7549ee2b-8577-422d-8952-6a0aa59a21c3', '0ed91418-a952-4c35-8047-d656c0a7b3d3', 1);
INSERT INTO sale_items (sale_id, product_id, qty) VALUES ('7549ee2b-8577-422d-8952-6a0aa59a21c3', 'f4de13b9-0052-42fd-b142-c9f68d83cd48', 1);
INSERT INTO sale_items (sale_id, product_id, qty) VALUES ('7549ee2b-8577-422d-8952-6a0aa59a21c3', '4f64bde7-ca12-4593-acaf-6ccb642422ac', 1);
INSERT INTO sale_items (sale_id, product_id, qty) VALUES ('5464dbdb-3fbb-4e98-96e3-8ab6201f9b3d', '6b3bca32-df68-4a32-9284-d22d52b66cb0', 1);
INSERT INTO sale_items (sale_id, product_id, qty) VALUES ('5464dbdb-3fbb-4e98-96e3-8ab6201f9b3d', '66fae71a-3d6a-455d-9b8d-f2eac3346a14', 1);
INSERT INTO sale_items (sale_id, product_id, qty) VALUES ('5464dbdb-3fbb-4e98-96e3-8ab6201f9b3d', 'cba3a0d5-c5c2-4c33-9bb7-74787a44a762', 1);
INSERT INTO sale_items (sale_id, product_id, qty) VALUES ('5464dbdb-3fbb-4e98-96e3-8ab6201f9b3d', '8d6ed85b-d84e-4bd1-b97a-31cc7ae8dade', 1);
INSERT INTO sale_items (sale_id, product_id, qty) VALUES ('29dbde4a-a394-42ba-b923-dab901165b24', '138fc683-9d4f-4115-b602-567d981b2f83', 1);
INSERT INTO sale_items (sale_id, product_id, qty) VALUES ('29dbde4a-a394-42ba-b923-dab901165b24', '086b9a65-3020-4405-b39f-b454fa8a0e01', 1);
INSERT INTO sale_items (sale_id, product_id, qty) VALUES ('29dbde4a-a394-42ba-b923-dab901165b24', 'cba3a0d5-c5c2-4c33-9bb7-74787a44a762', 1);
INSERT INTO sale_items (sale_id, product_id, qty) VALUES ('29dbde4a-a394-42ba-b923-dab901165b24', 'e75e9114-487e-482a-84b1-0d600886fdf8', 1);
INSERT INTO sale_items (sale_id, product_id, qty) VALUES ('29dbde4a-a394-42ba-b923-dab901165b24', 'd2152fae-0f6b-4ce0-a63a-89906f5ce673', 1);
INSERT INTO sale_items (sale_id, product_id, qty) VALUES ('e0b9257c-eaaa-406f-8854-ebc836370eaf', 'f6e4afb2-6f26-41cb-a2d4-09c370993f77', 1);
INSERT INTO sale_items (sale_id, product_id, qty) VALUES ('e0b9257c-eaaa-406f-8854-ebc836370eaf', '6d428a0b-cfc5-49d2-ae52-db0d67b0cec6', 1);
INSERT INTO sale_items (sale_id, product_id, qty) VALUES ('e0b9257c-eaaa-406f-8854-ebc836370eaf', '3bf2237b-b98a-45b5-a107-021d7844e8b0', 1);
INSERT INTO sale_items (sale_id, product_id, qty) VALUES ('e0b9257c-eaaa-406f-8854-ebc836370eaf', '9a386902-d1bf-43c9-8960-db5682f51034', 1);
INSERT INTO sale_items (sale_id, product_id, qty) VALUES ('e0b9257c-eaaa-406f-8854-ebc836370eaf', '4d918641-6b37-4825-aee4-945deb803e42', 1);
INSERT INTO sale_items (sale_id, product_id, qty) VALUES ('e0b9257c-eaaa-406f-8854-ebc836370eaf', '9f67afc9-a314-4e80-adfc-e978038bb940', 1);
INSERT INTO sale_items (sale_id, product_id, qty) VALUES ('e0b9257c-eaaa-406f-8854-ebc836370eaf', '8811c0f3-0905-4137-a7f3-986d219693e2', 1);
INSERT INTO sale_items (sale_id, product_id, qty) VALUES ('e0b9257c-eaaa-406f-8854-ebc836370eaf', 'f19b1700-4328-4ad4-a730-85ec0e998931', 1);
INSERT INTO sale_items (sale_id, product_id, qty) VALUES ('e0b9257c-eaaa-406f-8854-ebc836370eaf', '98e95b86-abbf-4a82-9170-61274707b8c0', 1);
INSERT INTO sale_items (sale_id, product_id, qty) VALUES ('83c51cf9-7504-4bb3-94de-79f921c0a867', '9a386902-d1bf-43c9-8960-db5682f51034', 1);
INSERT INTO sale_items (sale_id, product_id, qty) VALUES ('83c51cf9-7504-4bb3-94de-79f921c0a867', '2a66d119-b2f1-4c2e-871d-c2a7696b5ad7', 1);
INSERT INTO sale_items (sale_id, product_id, qty) VALUES ('83c51cf9-7504-4bb3-94de-79f921c0a867', '4673094c-552e-4a90-9ebe-cb144fa59f1b', 1);
INSERT INTO sale_items (sale_id, product_id, qty) VALUES ('83c51cf9-7504-4bb3-94de-79f921c0a867', '04d2ac61-ce01-4b61-a692-3c90d860375c', 1);
INSERT INTO sale_items (sale_id, product_id, qty) VALUES ('5a42a11d-3e15-43f3-9934-e771bfb2078f', 'e42367be-5d63-4435-8f54-4576940c199e', 1);
INSERT INTO sale_items (sale_id, product_id, qty) VALUES ('28e4f8f3-352e-4ec1-9f75-c261123e9557', '68c1bb54-33a7-46b1-acf3-cd1d47c2016f', 1);
INSERT INTO sale_items (sale_id, product_id, qty) VALUES ('28e4f8f3-352e-4ec1-9f75-c261123e9557', '4673094c-552e-4a90-9ebe-cb144fa59f1b', 1);
INSERT INTO sale_items (sale_id, product_id, qty) VALUES ('28e4f8f3-352e-4ec1-9f75-c261123e9557', 'eb75ac5e-979c-4ad5-a5bc-47a9387350a4', 1);
INSERT INTO sale_items (sale_id, product_id, qty) VALUES ('28e4f8f3-352e-4ec1-9f75-c261123e9557', '75163111-bf32-4222-bd0b-f1d8f5ed4d61', 1);
INSERT INTO sale_items (sale_id, product_id, qty) VALUES ('28e4f8f3-352e-4ec1-9f75-c261123e9557', '5628fc25-b043-4504-a483-3fa35996a15b', 1);
INSERT INTO sale_items (sale_id, product_id, qty) VALUES ('28e4f8f3-352e-4ec1-9f75-c261123e9557', '483815eb-ed38-4a3f-b709-1388a1471025', 1);
INSERT INTO sale_items (sale_id, product_id, qty) VALUES ('28e4f8f3-352e-4ec1-9f75-c261123e9557', '0957af86-4034-430c-bf72-d0b4414a7349', 1);
INSERT INTO sale_items (sale_id, product_id, qty) VALUES ('27220405-69e0-44cc-8a4d-08060e85edaf', 'fd273a05-3bac-42e0-a64d-67ec1c377063', 1);
INSERT INTO sale_items (sale_id, product_id, qty) VALUES ('27220405-69e0-44cc-8a4d-08060e85edaf', '0c0fd48f-d470-49b5-8a7b-7af333dfc75d', 1);
INSERT INTO sale_items (sale_id, product_id, qty) VALUES ('4bb544ec-7506-40b4-a596-4afdf8ffa6e0', '43870185-0be8-4fc4-a829-c77743bb80c3', 1);
INSERT INTO sale_items (sale_id, product_id, qty) VALUES ('ca4279e7-4efe-4cc5-807c-274b43c2a680', '4f8e0201-1180-4f74-baf2-e3a4695261a0', 1);
INSERT INTO sale_items (sale_id, product_id, qty) VALUES ('ca4279e7-4efe-4cc5-807c-274b43c2a680', 'c4b39e9d-92a6-4b12-828f-451c862809d6', 1);
INSERT INTO sale_items (sale_id, product_id, qty) VALUES ('ca4279e7-4efe-4cc5-807c-274b43c2a680', '3a90764a-50ad-41ca-86fc-43bc325b1ad6', 1);
INSERT INTO sale_items (sale_id, product_id, qty) VALUES ('ca4279e7-4efe-4cc5-807c-274b43c2a680', 'e0b366b4-a33d-46e9-b102-e0f125396b4f', 1);
INSERT INTO sale_items (sale_id, product_id, qty) VALUES ('1b975d79-b714-44ca-80cb-5fa4d2e1b0aa', '78476748-fc6e-4c11-939c-9f09e521ec15', 1);
INSERT INTO sale_items (sale_id, product_id, qty) VALUES ('1b975d79-b714-44ca-80cb-5fa4d2e1b0aa', '45884b6d-6f30-4644-ab5c-108396789365', 1);
INSERT INTO sale_items (sale_id, product_id, qty) VALUES ('2c2876d8-0255-4fdf-a6e4-8f77444fd398', '45884b6d-6f30-4644-ab5c-108396789365', 1);
INSERT INTO sale_items (sale_id, product_id, qty) VALUES ('2c2876d8-0255-4fdf-a6e4-8f77444fd398', 'b72290c4-a6db-4933-8262-7ff7a601dfca', 1);
INSERT INTO sale_items (sale_id, product_id, qty) VALUES ('2c2876d8-0255-4fdf-a6e4-8f77444fd398', '6f7a27eb-9cdc-4d56-8c31-5c4cd07c74cb', 1);
INSERT INTO sale_items (sale_id, product_id, qty) VALUES ('2c2876d8-0255-4fdf-a6e4-8f77444fd398', '3bf2237b-b98a-45b5-a107-021d7844e8b0', 1);
INSERT INTO sale_items (sale_id, product_id, qty) VALUES ('3c60e15a-849a-4d1f-9806-e2561d7c5e2b', 'ed85c2fd-e7c7-4c53-b54d-3bef0eb3664c', 1);
INSERT INTO sale_items (sale_id, product_id, qty) VALUES ('3c60e15a-849a-4d1f-9806-e2561d7c5e2b', 'c18a616a-883f-4b15-84fd-6e88238c8266', 1);
INSERT INTO sale_items (sale_id, product_id, qty) VALUES ('3c60e15a-849a-4d1f-9806-e2561d7c5e2b', '4217bbba-d6b5-4bac-9862-5b0c551aedd4', 1);
INSERT INTO sale_items (sale_id, product_id, qty) VALUES ('3c60e15a-849a-4d1f-9806-e2561d7c5e2b', 'aa7d0d08-f356-4ad9-93fa-1e699f2a2be7', 1);
INSERT INTO sale_items (sale_id, product_id, qty) VALUES ('219dac8b-2a16-43de-a3e6-d001fe8144b5', '0a43748d-2b35-46a7-8124-078b3a76d1c6', 1);
INSERT INTO sale_items (sale_id, product_id, qty) VALUES ('219dac8b-2a16-43de-a3e6-d001fe8144b5', '8811c0f3-0905-4137-a7f3-986d219693e2', 1);
INSERT INTO sale_items (sale_id, product_id, qty) VALUES ('219dac8b-2a16-43de-a3e6-d001fe8144b5', 'ca553d12-4e62-418d-b723-570e0d07d52c', 1);
INSERT INTO sale_items (sale_id, product_id, qty) VALUES ('219dac8b-2a16-43de-a3e6-d001fe8144b5', 'a944f906-e4fb-4577-82df-aedd8825db3b', 1);
INSERT INTO sale_items (sale_id, product_id, qty) VALUES ('219dac8b-2a16-43de-a3e6-d001fe8144b5', '4f8e0201-1180-4f74-baf2-e3a4695261a0', 1);
INSERT INTO sale_items (sale_id, product_id, qty) VALUES ('3690568b-ba7f-423c-bad1-ae0e27f4598e', '06cdcc4c-940b-4c9c-bd58-ce12fc5d18f5', 1);
INSERT INTO sale_items (sale_id, product_id, qty) VALUES ('3690568b-ba7f-423c-bad1-ae0e27f4598e', 'beade1ac-6726-4dcd-b85c-1755782cc934', 1);
INSERT INTO sale_items (sale_id, product_id, qty) VALUES ('3690568b-ba7f-423c-bad1-ae0e27f4598e', '5628fc25-b043-4504-a483-3fa35996a15b', 1);
INSERT INTO sale_items (sale_id, product_id, qty) VALUES ('c0f0331e-a0d6-4b4b-be51-a8645281db86', '39cc6ba4-4c08-4745-ba27-80d91057b9f7', 1);
INSERT INTO sale_items (sale_id, product_id, qty) VALUES ('c0f0331e-a0d6-4b4b-be51-a8645281db86', '311c5458-8aec-41d1-8c92-d3aaa556628e', 1);
INSERT INTO sale_items (sale_id, product_id, qty) VALUES ('b5bc71fe-180f-4e3c-a818-8c02b3e7d9db', '29652018-6ab8-4e45-8329-a35222a31185', 1);
INSERT INTO sale_items (sale_id, product_id, qty) VALUES ('2025d90a-ae8a-4c3f-b917-d866d2300a3d', 'fadc7315-24ad-4850-8da8-5c473af3859f', 1);
INSERT INTO sale_items (sale_id, product_id, qty) VALUES ('2025d90a-ae8a-4c3f-b917-d866d2300a3d', '1227b319-40a6-4dad-b646-adcb46cf4eb6', 1);
INSERT INTO sale_items (sale_id, product_id, qty) VALUES ('2025d90a-ae8a-4c3f-b917-d866d2300a3d', '3ad442ce-c6b9-4909-9d56-7e3aa77ef1a9', 1);
INSERT INTO sale_items (sale_id, product_id, qty) VALUES ('9dfc3016-1673-4af5-8515-4b954c78212a', 'a5f76684-7b6a-417b-8af2-146215d43d21', 1);
INSERT INTO sale_items (sale_id, product_id, qty) VALUES ('9dfc3016-1673-4af5-8515-4b954c78212a', 'a36f038c-b52b-4eb5-bc89-6576951d97fe', 1);
INSERT INTO sale_items (sale_id, product_id, qty) VALUES ('9dfc3016-1673-4af5-8515-4b954c78212a', '38c08d7b-93e1-4b0e-a772-36cb03ddfba4', 1);
INSERT INTO sale_items (sale_id, product_id, qty) VALUES ('9dfc3016-1673-4af5-8515-4b954c78212a', '980239e7-2d2d-4ad7-8f08-657fb82821ca', 1);
INSERT INTO sale_items (sale_id, product_id, qty) VALUES ('9dfc3016-1673-4af5-8515-4b954c78212a', '6b3bca32-df68-4a32-9284-d22d52b66cb0', 1);
INSERT INTO sale_items (sale_id, product_id, qty) VALUES ('9dfc3016-1673-4af5-8515-4b954c78212a', '8ec7630b-7f6b-4f86-aca2-996d9ca4cdb4', 1);
INSERT INTO sale_items (sale_id, product_id, qty) VALUES ('9dfc3016-1673-4af5-8515-4b954c78212a', '2a66d119-b2f1-4c2e-871d-c2a7696b5ad7', 1);
INSERT INTO sale_items (sale_id, product_id, qty) VALUES ('9dfc3016-1673-4af5-8515-4b954c78212a', '75163111-bf32-4222-bd0b-f1d8f5ed4d61', 1);
INSERT INTO sale_items (sale_id, product_id, qty) VALUES ('4b4d5ae9-aca3-4a58-8d46-9192a00d5a29', '00960d4a-a2b8-4a4c-90ec-6288327039a3', 1);
INSERT INTO sale_items (sale_id, product_id, qty) VALUES ('4b4d5ae9-aca3-4a58-8d46-9192a00d5a29', 'a5f76684-7b6a-417b-8af2-146215d43d21', 1);
INSERT INTO sale_items (sale_id, product_id, qty) VALUES ('4b4d5ae9-aca3-4a58-8d46-9192a00d5a29', 'fd273a05-3bac-42e0-a64d-67ec1c377063', 1);
INSERT INTO sale_items (sale_id, product_id, qty) VALUES ('4b4d5ae9-aca3-4a58-8d46-9192a00d5a29', '0364e288-ff2d-4ba8-9fbd-4e1fb5a2fdc1', 1);
INSERT INTO sale_items (sale_id, product_id, qty) VALUES ('4b4d5ae9-aca3-4a58-8d46-9192a00d5a29', '28f86319-8f0a-4c71-98b7-2f42ddbf5ac2', 1);
INSERT INTO sale_items (sale_id, product_id, qty) VALUES ('7054a9df-07e0-47ae-8341-24c0d110fa4f', '20384420-b4ff-4792-b213-b65f76684473', 1);
INSERT INTO sale_items (sale_id, product_id, qty) VALUES ('7054a9df-07e0-47ae-8341-24c0d110fa4f', 'b1d2bf7f-a9aa-4ab8-b7fb-46271d28eaf7', 1);
INSERT INTO sale_items (sale_id, product_id, qty) VALUES ('7054a9df-07e0-47ae-8341-24c0d110fa4f', '6d982050-5235-490b-94be-e28939217da4', 1);
INSERT INTO sale_items (sale_id, product_id, qty) VALUES ('7054a9df-07e0-47ae-8341-24c0d110fa4f', 'ea1e3b8c-eba9-495c-a1e8-3ef20a26b14b', 1);
INSERT INTO sale_items (sale_id, product_id, qty) VALUES ('7054a9df-07e0-47ae-8341-24c0d110fa4f', 'c7bfebf3-6d67-4330-8876-9210c4c19159', 1);
INSERT INTO sale_items (sale_id, product_id, qty) VALUES ('157f5ddc-0cda-4b2a-89cb-eacac83c7a2a', '4217bbba-d6b5-4bac-9862-5b0c551aedd4', 1);
INSERT INTO sale_items (sale_id, product_id, qty) VALUES ('157f5ddc-0cda-4b2a-89cb-eacac83c7a2a', '34142f3f-d401-47cc-95cf-1901cbde7e32', 1);
INSERT INTO sale_items (sale_id, product_id, qty) VALUES ('157f5ddc-0cda-4b2a-89cb-eacac83c7a2a', 'b1af4aa8-e89b-4e92-b31f-ed0805d8c658', 1);
INSERT INTO sale_items (sale_id, product_id, qty) VALUES ('157f5ddc-0cda-4b2a-89cb-eacac83c7a2a', 'c36bfd29-0146-423f-80e0-3b7eb535e356', 1);
INSERT INTO sale_items (sale_id, product_id, qty) VALUES ('5ada524d-f682-4cea-a36a-aee434062822', 'eae395ed-32a3-40a9-8af0-7dee629f0dc5', 1);
INSERT INTO sale_items (sale_id, product_id, qty) VALUES ('5ada524d-f682-4cea-a36a-aee434062822', 'd2152fae-0f6b-4ce0-a63a-89906f5ce673', 1);
INSERT INTO sale_items (sale_id, product_id, qty) VALUES ('18bec102-abd1-4af4-a2fd-bd3514084ee4', 'e9377af9-aeb1-4a4b-99c9-c20c3185f32f', 1);
INSERT INTO sale_items (sale_id, product_id, qty) VALUES ('18bec102-abd1-4af4-a2fd-bd3514084ee4', '4643828e-438a-48be-a11b-c37710784e17', 1);
INSERT INTO sale_items (sale_id, product_id, qty) VALUES ('18bec102-abd1-4af4-a2fd-bd3514084ee4', '7f086340-c7cd-4d7c-b6b2-1f745f11b2ca', 1);
INSERT INTO sale_items (sale_id, product_id, qty) VALUES ('18bec102-abd1-4af4-a2fd-bd3514084ee4', '224c0220-ca39-4af0-a59d-d0357088785d', 1);
INSERT INTO sale_items (sale_id, product_id, qty) VALUES ('18bec102-abd1-4af4-a2fd-bd3514084ee4', '4bf9b0e9-8f39-4ab1-aead-9fc0eb85776d', 1);
INSERT INTO sale_items (sale_id, product_id, qty) VALUES ('18bec102-abd1-4af4-a2fd-bd3514084ee4', '5628fc25-b043-4504-a483-3fa35996a15b', 1);
INSERT INTO sale_items (sale_id, product_id, qty) VALUES ('f4e747f1-00c1-494c-92fa-9ad17afd7b2a', '70ab9e35-3ffe-4de6-8d2e-c08f5ee60985', 1);
INSERT INTO sale_items (sale_id, product_id, qty) VALUES ('f4e747f1-00c1-494c-92fa-9ad17afd7b2a', '730e2299-4a38-417d-b425-0d2ab3cecd9a', 1);
INSERT INTO sale_items (sale_id, product_id, qty) VALUES ('f4e747f1-00c1-494c-92fa-9ad17afd7b2a', 'b72290c4-a6db-4933-8262-7ff7a601dfca', 1);
INSERT INTO sale_items (sale_id, product_id, qty) VALUES ('f4e747f1-00c1-494c-92fa-9ad17afd7b2a', 'c7bfebf3-6d67-4330-8876-9210c4c19159', 1);
INSERT INTO sale_items (sale_id, product_id, qty) VALUES ('f4e747f1-00c1-494c-92fa-9ad17afd7b2a', '06cdcc4c-940b-4c9c-bd58-ce12fc5d18f5', 1);
INSERT INTO sale_items (sale_id, product_id, qty) VALUES ('f4e747f1-00c1-494c-92fa-9ad17afd7b2a', '3d755711-9228-4711-b307-2b1e1bca4647', 1);
INSERT INTO sale_items (sale_id, product_id, qty) VALUES ('f4e747f1-00c1-494c-92fa-9ad17afd7b2a', 'c4b39e9d-92a6-4b12-828f-451c862809d6', 1);
INSERT INTO sale_items (sale_id, product_id, qty) VALUES ('f4e747f1-00c1-494c-92fa-9ad17afd7b2a', 'e42367be-5d63-4435-8f54-4576940c199e', 1);
INSERT INTO sale_items (sale_id, product_id, qty) VALUES ('f4e747f1-00c1-494c-92fa-9ad17afd7b2a', '4673094c-552e-4a90-9ebe-cb144fa59f1b', 1);
INSERT INTO sale_items (sale_id, product_id, qty) VALUES ('f4e747f1-00c1-494c-92fa-9ad17afd7b2a', '4f64bde7-ca12-4593-acaf-6ccb642422ac', 1);
INSERT INTO sale_items (sale_id, product_id, qty) VALUES ('46ad1686-130b-435e-b61f-97669cce1cd8', '6b3bca32-df68-4a32-9284-d22d52b66cb0', 1);
INSERT INTO sale_items (sale_id, product_id, qty) VALUES ('46ad1686-130b-435e-b61f-97669cce1cd8', '4f8e0201-1180-4f74-baf2-e3a4695261a0', 1);
INSERT INTO sale_items (sale_id, product_id, qty) VALUES ('46ad1686-130b-435e-b61f-97669cce1cd8', '86f38f33-3c49-404e-a509-f03a2042e30a', 1);
INSERT INTO sale_items (sale_id, product_id, qty) VALUES ('46ad1686-130b-435e-b61f-97669cce1cd8', '7419532f-bfef-4632-afd9-18b8d1a27127', 1);
INSERT INTO sale_items (sale_id, product_id, qty) VALUES ('eec947af-76b3-4df2-8a2f-17f8d787ca84', '86b2c94b-027a-419d-9e6f-b41e1b5e9975', 1);
INSERT INTO sale_items (sale_id, product_id, qty) VALUES ('eec947af-76b3-4df2-8a2f-17f8d787ca84', '3bdaa4d8-60b7-4a40-8858-54d41d4480f2', 1);
INSERT INTO sale_items (sale_id, product_id, qty) VALUES ('eec947af-76b3-4df2-8a2f-17f8d787ca84', 'e121af58-2e51-4fc1-90f0-838a0496b9ab', 1);
INSERT INTO sale_items (sale_id, product_id, qty) VALUES ('e57ba8e3-8df9-41f8-a3e4-566f4f8b2738', 'ea1e3b8c-eba9-495c-a1e8-3ef20a26b14b', 1);
INSERT INTO sale_items (sale_id, product_id, qty) VALUES ('e57ba8e3-8df9-41f8-a3e4-566f4f8b2738', '0bb379c5-bd92-43c8-ad2f-8f1ae6394546', 1);
INSERT INTO sale_items (sale_id, product_id, qty) VALUES ('e57ba8e3-8df9-41f8-a3e4-566f4f8b2738', '83160754-3247-4aaa-9bba-d2d1bf832e17', 1);
INSERT INTO sale_items (sale_id, product_id, qty) VALUES ('e57ba8e3-8df9-41f8-a3e4-566f4f8b2738', 'a00bd034-1df6-4b84-8cab-2914a8f82f3f', 1);
INSERT INTO sale_items (sale_id, product_id, qty) VALUES ('e57ba8e3-8df9-41f8-a3e4-566f4f8b2738', '31b08c10-ed22-4743-89ce-488df8dd1aa9', 1);
INSERT INTO sale_items (sale_id, product_id, qty) VALUES ('e6cd07fd-a961-414a-82ef-1b711d20736f', 'a7011744-10c7-4f16-a851-6a34d08d574e', 1);
INSERT INTO sale_items (sale_id, product_id, qty) VALUES ('9e692e12-14c3-42b6-bd7e-74328ec13584', '483676b1-35f1-4e65-b5fa-d8cf639aa5af', 1);
INSERT INTO sale_items (sale_id, product_id, qty) VALUES ('9e692e12-14c3-42b6-bd7e-74328ec13584', 'fd2ddd75-869c-4692-a035-574df09a10f7', 1);
INSERT INTO sale_items (sale_id, product_id, qty) VALUES ('9e692e12-14c3-42b6-bd7e-74328ec13584', 'bc3980bc-ae8a-4857-860e-c4aaf4d93887', 1);
INSERT INTO sale_items (sale_id, product_id, qty) VALUES ('9e692e12-14c3-42b6-bd7e-74328ec13584', '20384420-b4ff-4792-b213-b65f76684473', 1);
INSERT INTO sale_items (sale_id, product_id, qty) VALUES ('2f2b8015-83ff-468e-9dbc-ec0a47323c4f', 'b74460ee-c617-4ee9-910e-fb3a4ad151e3', 1);
INSERT INTO sale_items (sale_id, product_id, qty) VALUES ('2f2b8015-83ff-468e-9dbc-ec0a47323c4f', '2a66d119-b2f1-4c2e-871d-c2a7696b5ad7', 1);
INSERT INTO sale_items (sale_id, product_id, qty) VALUES ('ff185aae-9d4e-4245-8a17-2db725f9d4c8', '34ee1c04-14e0-4fcc-9796-d24af059eee0', 1);
INSERT INTO sale_items (sale_id, product_id, qty) VALUES ('ff185aae-9d4e-4245-8a17-2db725f9d4c8', '24618c76-09bf-4f9d-8317-3aec276510be', 1);
INSERT INTO sale_items (sale_id, product_id, qty) VALUES ('ff185aae-9d4e-4245-8a17-2db725f9d4c8', '937cc9c5-1912-46eb-b647-2cb0ec74f3c7', 1);
INSERT INTO sale_items (sale_id, product_id, qty) VALUES ('ff185aae-9d4e-4245-8a17-2db725f9d4c8', '0ba98509-5d39-46de-a38c-667bd7a9fa8c', 1);
INSERT INTO sale_items (sale_id, product_id, qty) VALUES ('723c7796-5c03-4492-bbbe-de8dec4a2992', '78df6aad-2514-43ef-abac-7717ff68ff95', 1);
INSERT INTO sale_items (sale_id, product_id, qty) VALUES ('723c7796-5c03-4492-bbbe-de8dec4a2992', '4f8e0201-1180-4f74-baf2-e3a4695261a0', 1);
INSERT INTO sale_items (sale_id, product_id, qty) VALUES ('66c01f13-9981-452a-aae3-424289ccdd27', '730e2299-4a38-417d-b425-0d2ab3cecd9a', 1);
INSERT INTO sale_items (sale_id, product_id, qty) VALUES ('66c01f13-9981-452a-aae3-424289ccdd27', 'd8d3b21c-fdbb-46fb-b3a3-02ac9b51a8ef', 1);
INSERT INTO sale_items (sale_id, product_id, qty) VALUES ('66c01f13-9981-452a-aae3-424289ccdd27', '45884b6d-6f30-4644-ab5c-108396789365', 1);
INSERT INTO sale_items (sale_id, product_id, qty) VALUES ('66c01f13-9981-452a-aae3-424289ccdd27', 'f46a4969-c594-4ded-8c59-7f31b021fbbe', 1);
INSERT INTO sale_items (sale_id, product_id, qty) VALUES ('66c01f13-9981-452a-aae3-424289ccdd27', '7419532f-bfef-4632-afd9-18b8d1a27127', 1);
INSERT INTO sale_items (sale_id, product_id, qty) VALUES ('66c01f13-9981-452a-aae3-424289ccdd27', 'eae395ed-32a3-40a9-8af0-7dee629f0dc5', 1);
INSERT INTO sale_items (sale_id, product_id, qty) VALUES ('66c01f13-9981-452a-aae3-424289ccdd27', '9e40ef36-acc5-4ffe-b3f1-716012733def', 1);
INSERT INTO sale_items (sale_id, product_id, qty) VALUES ('e4bbcd84-adf9-4731-bbfe-42f004b4f8a6', '0ace55cb-8065-4417-979b-99c2da7d960a', 1);
INSERT INTO sale_items (sale_id, product_id, qty) VALUES ('e4bbcd84-adf9-4731-bbfe-42f004b4f8a6', 'bbca8fb7-ff21-4a0d-901a-937d2825559c', 1);
INSERT INTO sale_items (sale_id, product_id, qty) VALUES ('e4bbcd84-adf9-4731-bbfe-42f004b4f8a6', '8b50d118-0fda-48e1-9547-b790a214cbd7', 1);
INSERT INTO sale_items (sale_id, product_id, qty) VALUES ('e4bbcd84-adf9-4731-bbfe-42f004b4f8a6', '4df8b56d-677e-46b1-a7da-9f849581af87', 1);
INSERT INTO sale_items (sale_id, product_id, qty) VALUES ('e4bbcd84-adf9-4731-bbfe-42f004b4f8a6', '6b49a99c-01c1-4a5d-a81b-1b60a59ecd44', 1);
INSERT INTO sale_items (sale_id, product_id, qty) VALUES ('e4bbcd84-adf9-4731-bbfe-42f004b4f8a6', '88c214bd-4fc6-45ae-aa53-e144148e209b', 1);
INSERT INTO sale_items (sale_id, product_id, qty) VALUES ('e4bbcd84-adf9-4731-bbfe-42f004b4f8a6', '086b9a65-3020-4405-b39f-b454fa8a0e01', 1);
INSERT INTO sale_items (sale_id, product_id, qty) VALUES ('ffce088d-f1fa-4e64-9291-073f3b094411', '3d755711-9228-4711-b307-2b1e1bca4647', 1);
INSERT INTO sale_items (sale_id, product_id, qty) VALUES ('ffce088d-f1fa-4e64-9291-073f3b094411', 'e121af58-2e51-4fc1-90f0-838a0496b9ab', 1);
INSERT INTO sale_items (sale_id, product_id, qty) VALUES ('ffce088d-f1fa-4e64-9291-073f3b094411', '451218b8-ec2c-46c9-ab61-8cf127b5f499', 1);
INSERT INTO sale_items (sale_id, product_id, qty) VALUES ('3b6e7ed3-af1b-40e2-a977-0f5d4c77926a', '88c214bd-4fc6-45ae-aa53-e144148e209b', 1);
INSERT INTO sale_items (sale_id, product_id, qty) VALUES ('3b6e7ed3-af1b-40e2-a977-0f5d4c77926a', '69c4e291-58f7-4e0c-9a2a-1accb93b1177', 1);
INSERT INTO sale_items (sale_id, product_id, qty) VALUES ('3b6e7ed3-af1b-40e2-a977-0f5d4c77926a', '9e40ef36-acc5-4ffe-b3f1-716012733def', 1);
INSERT INTO sale_items (sale_id, product_id, qty) VALUES ('3b6e7ed3-af1b-40e2-a977-0f5d4c77926a', '14c2c33c-eb5c-4518-826a-e2f709843239', 1);
INSERT INTO sale_items (sale_id, product_id, qty) VALUES ('3b6e7ed3-af1b-40e2-a977-0f5d4c77926a', '0e42aa21-1d73-45bf-8b74-8afb8b568f71', 1);
INSERT INTO sale_items (sale_id, product_id, qty) VALUES ('3b6e7ed3-af1b-40e2-a977-0f5d4c77926a', '02502f39-b672-4a8e-a2db-e4ab079d08d2', 1);
INSERT INTO sale_items (sale_id, product_id, qty) VALUES ('3b6e7ed3-af1b-40e2-a977-0f5d4c77926a', '60624654-7dde-48bd-a30b-638cc6e3f53a', 1);
INSERT INTO sale_items (sale_id, product_id, qty) VALUES ('efbe60b6-1a91-49fc-9a0a-229da810bf8b', '261b5ece-401e-4575-829b-fbc9f2d36562', 1);
INSERT INTO sale_items (sale_id, product_id, qty) VALUES ('efbe60b6-1a91-49fc-9a0a-229da810bf8b', 'c63fe768-82dd-4865-b822-c8817cef1cc4', 1);
INSERT INTO sale_items (sale_id, product_id, qty) VALUES ('efbe60b6-1a91-49fc-9a0a-229da810bf8b', 'd1fe4af0-51f8-4cb4-9477-2cee858d9790', 1);
INSERT INTO sale_items (sale_id, product_id, qty) VALUES ('efbe60b6-1a91-49fc-9a0a-229da810bf8b', '395e734d-5821-4a30-a9c6-cbb2fb26eb1e', 1);
INSERT INTO sale_items (sale_id, product_id, qty) VALUES ('0f3840b5-7387-49c7-a94c-0accdfb57dc7', '937cc9c5-1912-46eb-b647-2cb0ec74f3c7', 1);
INSERT INTO sale_items (sale_id, product_id, qty) VALUES ('0f3840b5-7387-49c7-a94c-0accdfb57dc7', '58ae8f63-84c0-48fd-8223-1f1bb786beff', 1);
INSERT INTO sale_items (sale_id, product_id, qty) VALUES ('0f3840b5-7387-49c7-a94c-0accdfb57dc7', '0a43748d-2b35-46a7-8124-078b3a76d1c6', 1);
INSERT INTO sale_items (sale_id, product_id, qty) VALUES ('0f3840b5-7387-49c7-a94c-0accdfb57dc7', 'e8774383-205a-44bd-94ca-3c7f618f1e3a', 1);
INSERT INTO sale_items (sale_id, product_id, qty) VALUES ('0f3840b5-7387-49c7-a94c-0accdfb57dc7', '33cd3591-5023-4ff5-b13a-cd3e1e3d9ec9', 1);
INSERT INTO sale_items (sale_id, product_id, qty) VALUES ('0f3840b5-7387-49c7-a94c-0accdfb57dc7', '55051af5-30ee-4c77-b94a-c61ce2cd9190', 1);
INSERT INTO sale_items (sale_id, product_id, qty) VALUES ('0f3840b5-7387-49c7-a94c-0accdfb57dc7', '75163111-bf32-4222-bd0b-f1d8f5ed4d61', 1);
INSERT INTO sale_items (sale_id, product_id, qty) VALUES ('07f484aa-f745-4348-b571-e06b17d9ec81', '4217bbba-d6b5-4bac-9862-5b0c551aedd4', 1);
INSERT INTO sale_items (sale_id, product_id, qty) VALUES ('07f484aa-f745-4348-b571-e06b17d9ec81', '78476748-fc6e-4c11-939c-9f09e521ec15', 1);
INSERT INTO sale_items (sale_id, product_id, qty) VALUES ('07f484aa-f745-4348-b571-e06b17d9ec81', '285009ab-543c-42c8-a64c-3415f7054d27', 1);
INSERT INTO sale_items (sale_id, product_id, qty) VALUES ('07f484aa-f745-4348-b571-e06b17d9ec81', '6baf0318-c3f7-42f9-877c-ca9743ae5f6b', 1);
INSERT INTO sale_items (sale_id, product_id, qty) VALUES ('07f484aa-f745-4348-b571-e06b17d9ec81', '6d428a0b-cfc5-49d2-ae52-db0d67b0cec6', 1);
INSERT INTO sale_items (sale_id, product_id, qty) VALUES ('a38eb3d3-30d6-4223-8dcc-f06678984b0f', '7f086340-c7cd-4d7c-b6b2-1f745f11b2ca', 1);
INSERT INTO sale_items (sale_id, product_id, qty) VALUES ('a38eb3d3-30d6-4223-8dcc-f06678984b0f', 'b89c6422-ff59-4f85-a6dd-25ec346001e5', 1);
INSERT INTO sale_items (sale_id, product_id, qty) VALUES ('a38eb3d3-30d6-4223-8dcc-f06678984b0f', '327f22cf-866c-4461-99cb-d2ae8bb6b34f', 1);
INSERT INTO sale_items (sale_id, product_id, qty) VALUES ('a38eb3d3-30d6-4223-8dcc-f06678984b0f', 'e93c343a-df8a-4e3e-bb7b-10a4af0a9da5', 1);
INSERT INTO sale_items (sale_id, product_id, qty) VALUES ('a38eb3d3-30d6-4223-8dcc-f06678984b0f', '7d673444-eda8-4d1b-b638-6e0e998bdd85', 1);
INSERT INTO sale_items (sale_id, product_id, qty) VALUES ('a48d3674-e0c1-43dd-bdaa-002e4c52872e', '85682d60-0d4c-494d-be98-2c5b7316b80e', 1);
INSERT INTO sale_items (sale_id, product_id, qty) VALUES ('a48d3674-e0c1-43dd-bdaa-002e4c52872e', '93583547-229f-4188-ae86-573881436904', 1);

-- DEMO QUERIES
SELECT store_code, SUM(total) AS revenue FROM sales GROUP BY store_code;
SELECT p.name, COUNT(*) AS sold_count
FROM sale_items si JOIN products p ON si.product_id = p.product_id
GROUP BY p.name ORDER BY sold_count DESC LIMIT 5;
SELECT member, SUM(total) FROM sales GROUP BY member;
SELECT promotion, COUNT(*) AS txn_count, SUM(total) AS revenue FROM sales GROUP BY promotion;
